Workbook

Sheet annotation
A1: Name | B1: Extension | C1: Present
A2: osu_View_Syllabi_0aca0bce.pdf | B2: .pdf | C2: =IF(COUNTIF(Sheet1!D:D, A2)>0, "✓", "") -> ✓
A3: ufl_Contracts-Arnow-Richman-Syll-Part-2.Reading.S23_50ee90a2.pdf | B3: .pdf | C3: =IF(COUNTIF(Sheet1!D:D, A3)>0, "✓", "") -> ✓
A4: ufl_ENG3122-S206-30349-Ray_15c2759e.pdf | B4: .pdf | C4: =IF(COUNTIF(Sheet1!D:D, A4)>0, "✓", "") -> ✓
A5: ufl_eoc6934_spring2025_215e781c.pdf | B5: .pdf | C5: =IF(COUNTIF(Sheet1!D:D, A5)>0, "✓", "") -> ✓
A6: ufl_GEY4001_2G10_Spring2026_d90d157e.pdf | B6: .pdf | C6: =IF(COUNTIF(Sheet1!D:D, A6)>0, "✓", "") -> ✓
A7: ufl_JOU3101-Reporting-Foley-Spring-2025_bdb9cdd7.pdf | B7: .pdf | C7: =IF(COUNTIF(Sheet1!D:D, A7)>0, "✓", "") -> ✓
A8: ufl_JPW4130_F24_39da2d7b.pdf | B8: .pdf | C8: =IF(COUNTIF(Sheet1!D:D, A8)>0, "✓", "") -> ✓
A9: ufl_KarmakarBikram_syllabusSTA7934-_fall2023-1_26fce759.pdf | B9: .pdf | C9: =IF(COUNTIF(Sheet1!D:D, A9)>0, "✓", "") -> ✓
A10: ufl_LAE-6947-8MB2-28596-Bryant_03dbd900.pdf | B10: .pdf | C10: =IF(COUNTIF(Sheet1!D:D, A10)>0, "✓", "") -> ✓
A11: ufl_CWR3201-Syllabus-Fall-2025_1a7780ea.pdf | B11: .pdf | C11: =IF(COUNTIF(Sheet1!D:D, A11)>0, "✓", "") -> ✓
A12: ufl_Daniels_STA7249-spring-i2020_c15107cd.pdf | B12: .pdf | C12: =IF(COUNTIF(Sheet1!D:D, A12)>0, "✓", "") -> ✓
A13: ufl_ECO3713_Rojas_Spr22_0089f8e1.pdf | B13: .pdf | C13: =IF(COUNTIF(Sheet1!D:D, A13)>0, "✓", "") -> ✓
... A103: annotations.xlsx | B103: .xlsx | C103: =IF(COUNTIF(Sheet1!D:D, A103)>0, "✓", "")

Sheet Sheet1
A1: title | B1: first | C1: last | D1: file | E1: file_path (remove)
A2: Making and Doing Deals: Contracts in Context | C2: Epstein | D2: =_xlfn.TEXTAFTER(E2,"\Syllabi\annotation\") -> ufl_Contracts-Arnow-Richman-Syll-Part-2.Reading.S23_50ee90a2.pdf | E2: C:\Users\adaml\OneDrive\Syllabi\annotation\ufl_Contracts-Arnow-Richman-Syll-Part-2.Reading.S23_50ee90a2.pdf
A3: Restatement Second of Contracts | D3: =_xlfn.TEXTAFTER(E3,"\Syllabi\annotation\") -> ufl_Contracts-Arnow-Richman-Syll-Part-2.Reading.S23_50ee90a2.pdf | E3: C:\Users\adaml\OneDrive\Syllabi\annotation\ufl_Contracts-Arnow-Richman-Syll-Part-2.Reading.S23_50ee90a2.pdf
A4: Uniform Commercial Code | D4: =_xlfn.TEXTAFTER(E4,"\Syllabi\annotation\") -> ufl_Contracts-Arnow-Richman-Syll-Part-2.Reading.S23_50ee90a2.pdf | E4: C:\Users\adaml\OneDrive\Syllabi\annotation\ufl_Contracts-Arnow-Richman-Syll-Part-2.Reading.S23_50ee90a2.pdf
A5: The Bell Jar | B5: Sylvia | C5: Plath | D5: =_xlfn.TEXTAFTER(E5,"\Syllabi\annotation\") -> ufl_LAE-6947-8MB2-28596-Bryant_03dbd900.pdf | E5: C:\Users\adaml\OneDrive\Syllabi\annotation\ufl_LAE-6947-8MB2-28596-Bryant_03dbd900.pdf
A6: Tender Buttons | B6: Gertrude | C6: Stein | D6: =_xlfn.TEXTAFTER(E6,"\Syllabi\annotation\") -> ufl_LAE-6947-8MB2-28596-Bryant_03dbd900.pdf | E6: C:\Users\adaml\OneDrive\Syllabi\annotation\ufl_LAE-6947-8MB2-28596-Bryant_03dbd900.pdf
A7: Mrs. Dalloway | B7: Virginia | C7: Woolf | D7: =_xlfn.TEXTAFTER(E7,"\Syllabi\annotation\") -> ufl_LAE-6947-8MB2-28596-Bryant_03dbd900.pdf | E7: C:\Users\adaml\OneDrive\Syllabi\annotation\ufl_LAE-6947-8MB2-28596-Bryant_03dbd900.pdf
A8: Best Poems | B8: Stevie | C8: Smith | D8: =_xlfn.TEXTAFTER(E8,"\Syllabi\annotation\") -> ufl_LAE-6947-8MB2-28596-Bryant_03dbd900.pdf | E8: C:\Users\adaml\OneDrive\Syllabi\annotation\ufl_LAE-6947-8MB2-28596-Bryant_03dbd900.pdf
A9: Maud Martha | B9: Gwendolyn | C9: Brooks | D9: =_xlfn.TEXTAFTER(E9,"\Syllabi\annotation\") -> ufl_LAE-6947-8MB2-28596-Bryant_03dbd900.pdf | E9: C:\Users\adaml\OneDrive\Syllabi\annotation\ufl_LAE-6947-8MB2-28596-Bryant_03dbd900.pdf
A10: Ariel | B10: Sylvia | C10: Plath | D10: =_xlfn.TEXTAFTER(E10,"\Syllabi\annotation\") -> ufl_LAE-6947-8MB2-28596-Bryant_03dbd900.pdf | E10: C:\Users\adaml\OneDrive\Syllabi\annotation\ufl_LAE-6947-8MB2-28596-Bryant_03dbd900.pdf
A11: The Bloody Chamber | B11: Angela | C11: Carter | D11: =_xlfn.TEXTAFTER(E11,"\Syllabi\annotation\") -> ufl_LAE-6947-8MB2-28596-Bryant_03dbd900.pdf | E11: C:\Users\adaml\OneDrive\Syllabi\annotation\ufl_LAE-6947-8MB2-28596-Bryant_03dbd900.pdf
A12: Fun Home | B12: Alison | C12: Bechdel | D12: =_xlfn.TEXTAFTER(E12,"\Syllabi\annotation\") -> ufl_LAE-6947-8MB2-28596-Bryant_03dbd900.pdf | E12: C:\Users\adaml\OneDrive\Syllabi\annotation\ufl_LAE-6947-8MB2-28596-Bryant_03dbd900.pdf
A13: Thomas and Beulah | B13: Rita | C13: Dove | D13: =_xlfn.TEXTAFTER(E13,"\Syllabi\annotation\") -> ufl_LAE-6947-8MB2-28596-Bryant_03dbd900.pdf | E13: C:\Users\adaml\OneDrive\Syllabi\annotation\ufl_LAE-6947-8MB2-28596-Bryant_03dbd900.pdf
A14: The Penelopiad | B14: Margaret | C14: Atwood | D14: =_xlfn.TEXTAFTER(E14,"\Syllabi\annotation\") -> ufl_LAE-6947-8MB2-28596-Bryant_03dbd900.pdf | E14: C:\Users\adaml\OneDrive\Syllabi\annotation\ufl_LAE-6947-8MB2-28596-Bryant_03dbd900.pdf
A15: Marvelous Things Overheard | B15: Ange | C15: Mlinko | D15: =_xlfn.TEXTAFTER(E15,"\Syllabi\annotation\") -> ufl_LAE-6947-8MB2-28596-Bryant_03dbd900.pdf | E15: C:\Users\adaml\OneDrive\Syllabi\annotation\ufl_LAE-6947-8MB2-28596-Bryant_03dbd900.pdf
A16: None | D16: =_xlfn.TEXTAFTER(E16,"\Syllabi\annotation\") -> osu_View_Syllabi_0aca0bce.pdf | E16: C:\Users\adaml\OneDrive\Syllabi\annotation\osu_View_Syllabi_0aca0bce.pdf
A17: None | D17: =_xlfn.TEXTAFTER(E17,"\Syllabi\annotation\") -> ufl_KarmakarBikram_syllabusSTA7934-_fall2023-1_26fce759.pdf | E17: C:\Users\adaml\OneDrive\Syllabi\annotation\ufl_KarmakarBikram_syllabusSTA7934-_fall2023-1_26fce759.pdf
A18: Yume jūya | B18: Natsume | C18: Sōseki | D18: =_xlfn.TEXTAFTER(E18,"\Syllabi\annotation\") -> ufl_JPW4130_F24_39da2d7b.pdf | E18: C:\Users\adaml\OneDrive\Syllabi\annotation\ufl_JPW4130_F24_39da2d7b.pdf
A19: Tongari yaki no seisui | B19: Murakami | C19: Haruki | D19: =_xlfn.TEXTAFTER(E19,"\Syllabi\annotation\") -> ufl_JPW4130_F24_39da2d7b.pdf | E19: C:\Users\adaml\OneDrive\Syllabi\annotation\ufl_JPW4130_F24_39da2d7b.pdf
A20: Konbini Ningen | B20: Murata | C20: Sayaka | D20: =_xlfn.TEXTAFTER(E20,"\Syllabi\annotation\") -> ufl_JPW4130_F24_39da2d7b.pdf | E20: C:\Users\adaml\OneDrive\Syllabi\annotation\ufl_JPW4130_F24_39da2d7b.pdf
A21: The Great Gatsby | B21: Scott | C21: Fitzgerald | D21: =_xlfn.TEXTAFTER(E21,"\Syllabi\annotation\") -> ufl_JPW4130_F24_39da2d7b.pdf | E21: C:\Users\adaml\OneDrive\Syllabi\annotation\ufl_JPW4130_F24_39da2d7b.pdf
A22: What We Talk About When We Talk About Love | B22: Raymond | C22: Carter | D22: =_xlfn.TEXTAFTER(E22,"\Syllabi\annotation\") -> ufl_JPW4130_F24_39da2d7b.pdf | E22: C:\Users\adaml\OneDrive\Syllabi\annotation\ufl_JPW4130_F24_39da2d7b.pdf
A23: Install | B23: Wataya | C23: Risa | D23: =_xlfn.TEXTAFTER(E23,"\Syllabi\annotation\") -> ufl_JPW4130_F24_39da2d7b.pdf | E23: C:\Users\adaml\OneDrive\Syllabi\annotation\ufl_JPW4130_F24_39da2d7b.pdf
A24: Growing Down | B24: Shimizu | C24: Yoshinari | D24: =_xlfn.TEXTAFTER(E24,"\Syllabi\annotation\") -> ufl_JPW4130_F24_39da2d7b.pdf | E24: C:\Users\adaml\OneDrive\Syllabi\annotation\ufl_JPW4130_F24_39da2d7b.pdf
A25: Monogatari shōhiron | B25: Ōtsuka | C25: Eiji | D25: =_xlfn.TEXTAFTER(E25,"\Syllabi\annotation\") -> ufl_JPW4130_F24_39da2d7b.pdf | E25: C:\Users\adaml\OneDrive\Syllabi\annotation\ufl_JPW4130_F24_39da2d7b.pdf
A26: How I Got That Story | C26: Foley | D26: =_xlfn.TEXTAFTER(E26,"\Syllabi\annotation\") -> ufl_JOU3101-Reporting-Foley-Spring-2025_bdb9cdd7.pdf | E26: C:\Users\adaml\OneDrive\Syllabi\annotation\ufl_JOU3101-Reporting-Foley-Spring-2025_bdb9cdd7.pdf
A27: AP Stylebook | D27: =_xlfn.TEXTAFTER(E27,"\Syllabi\annotation\") -> ufl_JOU3101-Reporting-Foley-Spring-2025_bdb9cdd7.pdf | E27: C:\Users\adaml\OneDrive\Syllabi\annotation\ufl_JOU3101-Reporting-Foley-Spring-2025_bdb9cdd7.pdf
A28: Inside Reporting | C28: Harrower | D28: =_xlfn.TEXTAFTER(E28,"\Syllabi\annotation\") -> ufl_JOU3101-Reporting-Foley-Spring-2025_bdb9cdd7.pdf | E28: C:\Users\adaml\OneDrive\Syllabi\annotation\ufl_JOU3101-Reporting-Foley-Spring-2025_bdb9cdd7.pdf
A29: When Words Collide | C29: Kessler-McDonald | D29: =_xlfn.TEXTAFTER(E29,"\Syllabi\annotation\") -> ufl_JOU3101-Reporting-Foley-Spring-2025_bdb9cdd7.pdf | E29: C:\Users\adaml\OneDrive\Syllabi\annotation\ufl_JOU3101-Reporting-Foley-Spring-2025_bdb9cdd7.pdf
A30: Webster's New World College Dictionary | D30: =_xlfn.TEXTAFTER(E30,"\Syllabi\annotation\") -> ufl_JOU3101-Reporting-Foley-Spring-2025_bdb9cdd7.pdf | E30: C:\Users\adaml\OneDrive\Syllabi\annotation\ufl_JOU3101-Reporting-Foley-Spring-2025_bdb9cdd7.pdf
A31: Introduction to Aging: A Positive, Interdisciplinary Approach | C31: Sugar | D31: =_xlfn.TEXTAFTER(E31,"\Syllabi\annotation\") -> ufl_GEY4001_2G10_Spring2026_d90d157e.pdf | E31: C:\Users\adaml\OneDrive\Syllabi\annotation\ufl_GEY4001_2G10_Spring2026_d90d157e.pdf
A32: Coastal Storms: Processes and Impacts | B32: Paolo | C32: Ciavola | D32: =_xlfn.TEXTAFTER(E32,"\Syllabi\annotation\") -> ufl_eoc6934_spring2025_215e781c.pdf | E32: C:\Users\adaml\OneDrive\Syllabi\annotation\ufl_eoc6934_spring2025_215e781c.pdf
A33: The Principles of Scientific Management | C33: Taylor | D33: =_xlfn.TEXTAFTER(E33,"\Syllabi\annotation\") -> ufl_ENG3122-S206-30349-Ray_15c2759e.pdf | E33: C:\Users\adaml\OneDrive\Syllabi\annotation\ufl_ENG3122-S206-30349-Ray_15c2759e.pdf
A34: The Genius of the System | C34: Schatz | D34: =_xlfn.TEXTAFTER(E34,"\Syllabi\annotation\") -> ufl_ENG3122-S206-30349-Ray_15c2759e.pdf | E34: C:\Users\adaml\OneDrive\Syllabi\annotation\ufl_ENG3122-S206-30349-Ray_15c2759e.pdf
A35: Hitler: The Führer and the People | C35: Stern | D35: =_xlfn.TEXTAFTER(E35,"\Syllabi\annotation\") -> ufl_ENG3122-S206-30349-Ray_15c2759e.pdf | E35: C:\Users\adaml\OneDrive\Syllabi\annotation\ufl_ENG3122-S206-30349-Ray_15c2759e.pdf
A36: The Making of Casablance | C36: Harmetz | D36: =_xlfn.TEXTAFTER(E36,"\Syllabi\annotation\") -> ufl_ENG3122-S206-30349-Ray_15c2759e.pdf | E36: C:\Users\adaml\OneDrive\Syllabi\annotation\ufl_ENG3122-S206-30349-Ray_15c2759e.pdf
A37: Cahiers du Cinéma: The 1950s | C37: Hillier | D37: =_xlfn.TEXTAFTER(E37,"\Syllabi\annotation\") -> ufl_ENG3122-S206-30349-Ray_15c2759e.pdf | E37: C:\Users\adaml\OneDrive\Syllabi\annotation\ufl_ENG3122-S206-30349-Ray_15c2759e.pdf
A38: Henry Ford: Mass Production, Modernism and Design | C38: Batchelor | D38: =_xlfn.TEXTAFTER(E38,"\Syllabi\annotation\") -> ufl_ENG3122-S206-30349-Ray_15c2759e.pdf | E38: C:\Users\adaml\OneDrive\Syllabi\annotation\ufl_ENG3122-S206-30349-Ray_15c2759e.pdf
A39: Brecht on Theatre | C39: Brecht | D39: =_xlfn.TEXTAFTER(E39,"\Syllabi\annotation\") -> ufl_ENG3122-S206-30349-Ray_15c2759e.pdf | E39: C:\Users\adaml\OneDrive\Syllabi\annotation\ufl_ENG3122-S206-30349-Ray_15c2759e.pdf
A40: Jean Renoir | C40: Braudy | D40: =_xlfn.TEXTAFTER(E40,"\Syllabi\annotation\") -> ufl_ENG3122-S206-30349-Ray_15c2759e.pdf | E40: C:\Users\adaml\OneDrive\Syllabi\annotation\ufl_ENG3122-S206-30349-Ray_15c2759e.pdf
A41: Renoir on Renoir | C41: Renoir | D41: =_xlfn.TEXTAFTER(E41,"\Syllabi\annotation\") -> ufl_ENG3122-S206-30349-Ray_15c2759e.pdf | E41: C:\Users\adaml\OneDrive\Syllabi\annotation\ufl_ENG3122-S206-30349-Ray_15c2759e.pdf
A42: A Passion for Films: Henri Langlois and the Cinémathèque | C42: Roud | D42: =_xlfn.TEXTAFTER(E42,"\Syllabi\annotation\") -> ufl_ENG3122-S206-30349-Ray_15c2759e.pdf | E42: C:\Users\adaml\OneDrive\Syllabi\annotation\ufl_ENG3122-S206-30349-Ray_15c2759e.pdf
A43: Theory of Film Practice | C43: Burch | D43: =_xlfn.TEXTAFTER(E43,"\Syllabi\annotation\") -> ufl_ENG3122-S206-30349-Ray_15c2759e.pdf | E43: C:\Users\adaml\OneDrive\Syllabi\annotation\ufl_ENG3122-S206-30349-Ray_15c2759e.pdf
A44: The Heart of Europe | C44: Stern | D44: =_xlfn.TEXTAFTER(E44,"\Syllabi\annotation\") -> ufl_ENG3122-S206-30349-Ray_15c2759e.pdf | E44: C:\Users\adaml\OneDrive\Syllabi\annotation\ufl_ENG3122-S206-30349-Ray_15c2759e.pdf
... A49: The Early Film Criticism of François Truffaut | C49: Truffaut | D49: =_xlfn.TEXTAFTER(E49,"\Syllabi\annotation\") -> ufl_ENG3122-S206-30349-Ray_15c2759e.pdf | E49: C:\Users\adaml\OneDrive\Syllabi\annotation\ufl_ENG3122-S206-30349-Ray_15c2759e.pdf
A50: Alice’s Adventures in Wonderland & Through the Looking-Glass | B50: Lewis | C50: Carroll | D50: =_xlfn.TEXTAFTER(E50,"\Syllabi\annotation\") -> ufl_ENG1131-1786-12889-FGonzalezSilva_a95c4cdc.pdf | E50: C:\Users\adaml\OneDrive\Syllabi\annotation\ufl_ENG1131-1786-12889-FGonzalezSilva_a95c4cdc.pdf
A51: Persepolis | B51: Marjane | C51: Satrapi | D51: =_xlfn.TEXTAFTER(E51,"\Syllabi\annotation\") -> ufl_ENG1131-1786-12889-FGonzalezSilva_a95c4cdc.pdf | E51: C:\Users\adaml\OneDrive\Syllabi\annotation\ufl_ENG1131-1786-12889-FGonzalezSilva_a95c4cdc.pdf
A52: The Art of Adaptation: Turning Fact and Fiction into Film | B52: Linda | C52: Seger | D52: =_xlfn.TEXTAFTER(E52,"\Syllabi\annotation\") -> ufl_ENG1131-1786-12889-FGonzalezSilva_a95c4cdc.pdf | E52: C:\Users\adaml\OneDrive\Syllabi\annotation\ufl_ENG1131-1786-12889-FGonzalezSilva_a95c4cdc.pdf
A53: Hamlet | B53: William | C53: Shakespeare | D53: =_xlfn.TEXTAFTER(E53,"\Syllabi\annotation\") -> ufl_ENG1131-1786-12889-FGonzalezSilva_a95c4cdc.pdf | E53: C:\Users\adaml\OneDrive\Syllabi\annotation\ufl_ENG1131-1786-12889-FGonzalezSilva_a95c4cdc.pdf
A54: Raise the Red Lantern | B54: Tong | C54: Su | D54: =_xlfn.TEXTAFTER(E54,"\Syllabi\annotation\") -> ufl_ENG1131-1786-12889-FGonzalezSilva_a95c4cdc.pdf | E54: C:\Users\adaml\OneDrive\Syllabi\annotation\ufl_ENG1131-1786-12889-FGonzalezSilva_a95c4cdc.pdf
A55: The Routledge Companion to Adaptation | B55: Dennis | C55: Cutchins | D55: =_xlfn.TEXTAFTER(E55,"\Syllabi\annotation\") -> ufl_ENG1131-1786-12889-FGonzalezSilva_a95c4cdc.pdf | E55: C:\Users\adaml\OneDrive\Syllabi\annotation\ufl_ENG1131-1786-12889-FGonzalezSilva_a95c4cdc.pdf
A56: Film Directing Shot by Shot: Visualizing From Concept to Screen | B56: Steven D. | C56: Katz | D56: =_xlfn.TEXTAFTER(E56,"\Syllabi\annotation\") -> ufl_ENG1131-1786-12889-FGonzalezSilva_a95c4cdc.pdf | E56: C:\Users\adaml\OneDrive\Syllabi\annotation\ufl_ENG1131-1786-12889-FGonzalezSilva_a95c4cdc.pdf
A57: The Oxford Handbook of Adaptation Studies | B57: Thomas | C57: Leitch | D57: =_xlfn.TEXTAFTER(E57,"\Syllabi\annotation\") -> ufl_ENG1131-1786-12889-FGonzalezSilva_a95c4cdc.pdf | E57: C:\Users\adaml\OneDrive\Syllabi\annotation\ufl_ENG1131-1786-12889-FGonzalezSilva_a95c4cdc.pdf
A58: True to the Spirit: Film Adaptation and the Question of Fidelity | B58: Colin | C58: MacCabe | D58: =_xlfn.TEXTAFTER(E58,"\Syllabi\annotation\") -> ufl_ENG1131-1786-12889-FGonzalezSilva_a95c4cdc.pdf | E58: C:\Users\adaml\OneDrive\Syllabi\annotation\ufl_ENG1131-1786-12889-FGonzalezSilva_a95c4cdc.pdf
A59: Next Generation Adaptation: Spectatorship and Process | B59: Allen H. | C59: Redmon | D59: =_xlfn.TEXTAFTER(E59,"\Syllabi\annotation\") -> ufl_ENG1131-1786-12889-FGonzalezSilva_a95c4cdc.pdf | E59: C:\Users\adaml\OneDrive\Syllabi\annotation\ufl_ENG1131-1786-12889-FGonzalezSilva_a95c4cdc.pdf
A60: Persepolis 2: The Story of a Return | B60: Marjane | C60: Satrapi | D60: =_xlfn.TEXTAFTER(E60,"\Syllabi\annotation\") -> ufl_ENG1131-1786-12889-FGonzalezSilva_a95c4cdc.pdf | E60: C:\Users\adaml\OneDrive\Syllabi\annotation\ufl_ENG1131-1786-12889-FGonzalezSilva_a95c4cdc.pdf
A61: Theory of Film | B61: Siegfried | C61: Kracauer | D61: =_xlfn.TEXTAFTER(E61,"\Syllabi\annotation\") -> ufl_ENG1131-1786-12889-FGonzalezSilva_a95c4cdc.pdf | E61: C:\Users\adaml\OneDrive\Syllabi\annotation\ufl_ENG1131-1786-12889-FGonzalezSilva_a95c4cdc.pdf
A62: International Macroeconomics | B62: Robert | C62: Feenstra | D62: =_xlfn.TEXTAFTER(E62,"\Syllabi\annotation\") -> ufl_ECO3713_Rojas_Spr22_0089f8e1.pdf | E62: C:\Users\adaml\OneDrive\Syllabi\annotation\ufl_ECO3713_Rojas_Spr22_0089f8e1.pdf
A63: An introduction to generalized linear models | C63: Dobson | D63: =_xlfn.TEXTAFTER(E63,"\Syllabi\annotation\") -> ufl_Daniels_STA7249-spring-i2020_c15107cd.pdf | E63: C:\Users\adaml\OneDrive\Syllabi\annotation\ufl_Daniels_STA7249-spring-i2020_c15107cd.pdf
A64: Analysis of longitudinal data | C64: Diggle | D64: =_xlfn.TEXTAFTER(E64,"\Syllabi\annotation\") -> ufl_Daniels_STA7249-spring-i2020_c15107cd.pdf | E64: C:\Users\adaml\OneDrive\Syllabi\annotation\ufl_Daniels_STA7249-spring-i2020_c15107cd.pdf
A65: Multivariate statistical modelling based on generalized linear models | C65: Fahrmeir | D65: =_xlfn.TEXTAFTER(E65,"\Syllabi\annotation\") -> ufl_Daniels_STA7249-spring-i2020_c15107cd.pdf | E65: C:\Users\adaml\OneDrive\Syllabi\annotation\ufl_Daniels_STA7249-spring-i2020_c15107cd.pdf
A66: Extending the linear model with R: generalized linear, mixed eﬀ ects and nonparametric regression models | B66: J. J. | C66: Faraway | D66: =_xlfn.TEXTAFTER(E66,"\Syllabi\annotation\") -> ufl_Daniels_STA7249-spring-i2020_c15107cd.pdf | E66: C:\Users\adaml\OneDrive\Syllabi\annotation\ufl_Daniels_STA7249-spring-i2020_c15107cd.pdf
A67: Generalized estimating equations | B67: J. W. | C67: Hardin | D67: =_xlfn.TEXTAFTER(E67,"\Syllabi\annotation\") -> ufl_Daniels_STA7249-spring-i2020_c15107cd.pdf | E67: C:\Users\adaml\OneDrive\Syllabi\annotation\ufl_Daniels_STA7249-spring-i2020_c15107cd.pdf
A68: Generalized Additive Models | C68: Hastie | D68: =_xlfn.TEXTAFTER(E68,"\Syllabi\annotation\") -> ufl_Daniels_STA7249-spring-i2020_c15107cd.pdf | E68: C:\Users\adaml\OneDrive\Syllabi\annotation\ufl_Daniels_STA7249-spring-i2020_c15107cd.pdf
A69: Generalized Linear Models | C69: McCullagh | D69: =_xlfn.TEXTAFTER(E69,"\Syllabi\annotation\") -> ufl_Daniels_STA7249-spring-i2020_c15107cd.pdf | E69: C:\Users\adaml\OneDrive\Syllabi\annotation\ufl_Daniels_STA7249-spring-i2020_c15107cd.pdf
A70: Generalized, linear, and mixed models | C70: McCulloch | D70: =_xlfn.TEXTAFTER(E70,"\Syllabi\annotation\") -> ufl_Daniels_STA7249-spring-i2020_c15107cd.pdf | E70: C:\Users\adaml\OneDrive\Syllabi\annotation\ufl_Daniels_STA7249-spring-i2020_c15107cd.pdf
A71: Generalized additive models: An introduction with R | C71: Wood | D71: =_xlfn.TEXTAFTER(E71,"\Syllabi\annotation\") -> ufl_Daniels_STA7249-spring-i2020_c15107cd.pdf | E71: C:\Users\adaml\OneDrive\Syllabi\annotation\ufl_Daniels_STA7249-spring-i2020_c15107cd.pdf
A72: Young, Munson and Okiishi’s A Brief Introduction to Fluid Mechanics | C72: Hochstein | D72: =_xlfn.TEXTAFTER(E72,"\Syllabi\annotation\") -> ufl_CWR3201-Syllabus-Fall-2025_1a7780ea.pdf | E72: C:\Users\adaml\OneDrive\Syllabi\annotation\ufl_CWR3201-Syllabus-Fall-2025_1a7780ea.pdf
A73: BIM and Construction Management: Proven Tools, Methods, and Workflows | B73: Brad | C73: Hardin | D73: =_xlfn.TEXTAFTER(E73,"\Syllabi\annotation\") -> ufl_cgn-4905_fall2025_4572f226.pdf | E73: C:\Users\adaml\OneDrive\Syllabi\annotation\ufl_cgn-4905_fall2025_4572f226.pdf
A74: BIM Handbook: A Guide to Building Information Modeling for Owners, Designers, Engineers, Contractors, and Facility Managers | B74: Rafael | C74: Sacks | D74: =_xlfn.TEXTAFTER(E74,"\Syllabi\annotation\") -> ufl_cgn-4905_fall2025_4572f226.pdf | E74: C:\Users\adaml\OneDrive\Syllabi\annotation\ufl_cgn-4905_fall2025_4572f226.pdf
A75: Probability and Measure | C75: Billingsley | D75: =_xlfn.TEXTAFTER(E75,"\Syllabi\annotation\") -> ufl_Bhattacharya_sta_7467_syllabus_933ad163.pdf | E75: C:\Users\adaml\OneDrive\Syllabi\annotation\ufl_Bhattacharya_sta_7467_syllabus_933ad163.pdf
A76: The Rhetoric | B76: Aristotle | D76: =_xlfn.TEXTAFTER(E76,"\Syllabi\annotation\") -> ufl_Arguing-Jewish-Law_ff93087f.pdf | E76: C:\Users\adaml\OneDrive\Syllabi\annotation\ufl_Arguing-Jewish-Law_ff93087f.pdf
A77: The Complete Maus | B77: Art | C77: Spiegelman | D77: =_xlfn.TEXTAFTER(E77,"\Syllabi\annotation\") -> ufl_2024_08_10_Post-Holocaust-American-Jews-Syllabus_a8505114.pdf | E77: C:\Users\adaml\OneDrive\Syllabi\annotation\ufl_2024_08_10_Post-Holocaust-American-Jews-Syllabus_a8505114.pdf
A78: The Elements of Style | C78: Strunk | D78: =_xlfn.TEXTAFTER(E78,"\Syllabi\annotation\") -> ufl_2024_08_10_Post-Holocaust-American-Jews-Syllabus_a8505114.pdf | E78: C:\Users\adaml\OneDrive\Syllabi\annotation\ufl_2024_08_10_Post-Holocaust-American-Jews-Syllabus_a8505114.pdf
A79: Zionism: An Emotional State | B79: Derek | C79: Penslar | D79: =_xlfn.TEXTAFTER(E79,"\Syllabi\annotation\") -> ufl_2024_08_10_Post-Holocaust-American-Jews-Syllabus_a8505114.pdf | E79: C:\Users\adaml\OneDrive\Syllabi\annotation\ufl_2024_08_10_Post-Holocaust-American-Jews-Syllabus_a8505114.pdf
A80: Moral Grandeur and Spiritual Audacity | B80: Susannah | C80: Heschel | D80: =_xlfn.TEXTAFTER(E80,"\Syllabi\annotation\") -> ufl_2024_08_10_Post-Holocaust-American-Jews-Syllabus_a8505114.pdf | E80: C:\Users\adaml\OneDrive\Syllabi\annotation\ufl_2024_08_10_Post-Holocaust-American-Jews-Syllabus_a8505114.pdf
A81: Wrestling with God | B81: Emil | C81: Fackenheim | D81: =_xlfn.TEXTAFTER(E81,"\Syllabi\annotation\") -> ufl_2024_08_10_Post-Holocaust-American-Jews-Syllabus_a8505114.pdf | E81: C:\Users\adaml\OneDrive\Syllabi\annotation\ufl_2024_08_10_Post-Holocaust-American-Jews-Syllabus_a8505114.pdf
A82: Intermediate Accounting | C82: Spiceland | D82: =_xlfn.TEXTAFTER(E82,"\Syllabi\annotation\") -> osu_View_Syllabi_fe4f9907.pdf | E82: C:\Users\adaml\OneDrive\Syllabi\annotation\osu_View_Syllabi_fe4f9907.pdf
A83: Product Design & Development | C83: Ulrich | D83: =_xlfn.TEXTAFTER(E83,"\Syllabi\annotation\") -> osu_View_Syllabi_fdece893.pdf | E83: C:\Users\adaml\OneDrive\Syllabi\annotation\osu_View_Syllabi_fdece893.pdf
A84: Universal Methods of Design: 100 ways to research complex problems, develop innovative ideas, and design effective solutions | C84: Martin | D84: =_xlfn.TEXTAFTER(E84,"\Syllabi\annotation\") -> osu_View_Syllabi_fdece893.pdf | E84: C:\Users\adaml\OneDrive\Syllabi\annotation\osu_View_Syllabi_fdece893.pdf
A85: Creative Conﬁdence | C85: Kelley | D85: =_xlfn.TEXTAFTER(E85,"\Syllabi\annotation\") -> osu_View_Syllabi_fdece893.pdf | E85: C:\Users\adaml\OneDrive\Syllabi\annotation\osu_View_Syllabi_fdece893.pdf
A86: Manufacturing Processes for Design Professionals | B86: Rob | C86: Thompson | D86: =_xlfn.TEXTAFTER(E86,"\Syllabi\annotation\") -> osu_View_Syllabi_fdece893.pdf | E86: C:\Users\adaml\OneDrive\Syllabi\annotation\osu_View_Syllabi_fdece893.pdf
A87: The Field Guide to Human Centered Design | B87: IDEO | D87: =_xlfn.TEXTAFTER(E87,"\Syllabi\annotation\") -> osu_View_Syllabi_fdece893.pdf | E87: C:\Users\adaml\OneDrive\Syllabi\annotation\osu_View_Syllabi_fdece893.pdf
A88: Universal Principles of Design: 100 ways to enhance usability, inﬂ uence perception, increase appeal, make better design decisions, and teach through design | C88: Lidwell | D88: =_xlfn.TEXTAFTER(E88,"\Syllabi\annotation\") -> osu_View_Syllabi_fdece893.pdf | E88: C:\Users\adaml\OneDrive\Syllabi\annotation\osu_View_Syllabi_fdece893.pdf
A89: 101 Design Methods | B89: Vijay | C89: Kumar | D89: =_xlfn.TEXTAFTER(E89,"\Syllabi\annotation\") -> osu_View_Syllabi_fdece893.pdf | E89: C:\Users\adaml\OneDrive\Syllabi\annotation\osu_View_Syllabi_fdece893.pdf
A90: Prototyping and Modelmaking for Product Design | B90: Bjarki | C90: Hallgrimsson | D90: =_xlfn.TEXTAFTER(E90,"\Syllabi\annotation\") -> osu_View_Syllabi_fdece893.pdf | E90: C:\Users\adaml\OneDrive\Syllabi\annotation\osu_View_Syllabi_fdece893.pdf
A91: 100 Things Every Designer Needs to Know About People | B91: Susan M. | C91: Weinschenk | D91: =_xlfn.TEXTAFTER(E91,"\Syllabi\annotation\") -> osu_View_Syllabi_fdece893.pdf | E91: C:\Users\adaml\OneDrive\Syllabi\annotation\osu_View_Syllabi_fdece893.pdf
A92: Change by Design | B92: Tim | C92: Brown | D92: =_xlfn.TEXTAFTER(E92,"\Syllabi\annotation\") -> osu_View_Syllabi_fdece893.pdf | E92: C:\Users\adaml\OneDrive\Syllabi\annotation\osu_View_Syllabi_fdece893.pdf
A93: Made to Stick | B93: Chip | C93: Heath | D93: =_xlfn.TEXTAFTER(E93,"\Syllabi\annotation\") -> osu_View_Syllabi_fdece893.pdf | E93: C:\Users\adaml\OneDrive\Syllabi\annotation\osu_View_Syllabi_fdece893.pdf
A94: Rapid Viz: a new method for the rapid visualization of Ideas | C94: Hanks | D94: =_xlfn.TEXTAFTER(E94,"\Syllabi\annotation\") -> osu_View_Syllabi_fdece893.pdf | E94: C:\Users\adaml\OneDrive\Syllabi\annotation\osu_View_Syllabi_fdece893.pdf
A95: Innovating for People: Human-Centered Design Planning | B95: LUMA Institute | D95: =_xlfn.TEXTAFTER(E95,"\Syllabi\annotation\") -> osu_View_Syllabi_fdece893.pdf | E95: C:\Users\adaml\OneDrive\Syllabi\annotation\osu_View_Syllabi_fdece893.pdf
A96: Industrial Design Reference & Specification Book | B96: Dan | C96: Cuffary | D96: =_xlfn.TEXTAFTER(E96,"\Syllabi\annotation\") -> osu_View_Syllabi_fdece893.pdf | E96: C:\Users\adaml\OneDrive\Syllabi\annotation\osu_View_Syllabi_fdece893.pdf
A97: Fluid Power Systems | B97: P. J. | C97: Klette | D97: =_xlfn.TEXTAFTER(E97,"\Syllabi\annotation\") -> osu_View_Syllabi_fd033ad5.pdf | E97: C:\Users\adaml\OneDrive\Syllabi\annotation\osu_View_Syllabi_fd033ad5.pdf
A98: The Mobile Hydraulics Handbook | B98: B. | C98: Casey | D98: =_xlfn.TEXTAFTER(E98,"\Syllabi\annotation\") -> osu_View_Syllabi_fd033ad5.pdf | E98: C:\Users\adaml\OneDrive\Syllabi\annotation\osu_View_Syllabi_fd033ad5.pdf
A99: Fluid Power with Applications | B99: A. | C99: Esposito | D99: =_xlfn.TEXTAFTER(E99,"\Syllabi\annotation\") -> osu_View_Syllabi_fd033ad5.pdf | E99: C:\Users\adaml\OneDrive\Syllabi\annotation\osu_View_Syllabi_fd033ad5.pdf
A100: Twentieth-Century American Fashion | B100: L. | C100: Welters | D100: =_xlfn.TEXTAFTER(E100,"\Syllabi\annotation\") -> osu_View_Syllabi_f373640d.pdf | E100: C:\Users\adaml\OneDrive\Syllabi\annotation\osu_View_Syllabi_f373640d.pdf
A101: Fashion Since 1900 | B101: Valerie | C101: Mendes | D101: =_xlfn.TEXTAFTER(E101,"\Syllabi\annotation\") -> osu_View_Syllabi_f373640d.pdf | E101: C:\Users\adaml\OneDrive\Syllabi\annotation\osu_View_Syllabi_f373640d.pdf
A102: Success in Academic Surgery | C102: Chen | D102: =_xlfn.TEXTAFTER(E102,"\Syllabi\annotation\") -> osu_View_Syllabi_eb20fb88.pdf | E102: C:\Users\adaml\OneDrive\Syllabi\annotation\osu_View_Syllabi_eb20fb88.pdf
A103: None | D103: =_xlfn.TEXTAFTER(E103,"\Syllabi\annotation\") -> osu_View_Syllabi_eb1e5e2e.pdf | E103: C:\Users\adaml\OneDrive\Syllabi\annotation\osu_View_Syllabi_eb1e5e2e.pdf
A104: Fertility and Pregnancy: An Epidemiologic Perspective | B104: Allen J. | C104: Wilcox | D104: =_xlfn.TEXTAFTER(E104,"\Syllabi\annotation\") -> osu_View_Syllabi_e85822f2.pdf | E104: C:\Users\adaml\OneDrive\Syllabi\annotation\osu_View_Syllabi_e85822f2.pdf
...
